{
    "Player": {
        "ArmL Translation": [
            -0.4399999976158142,
            1.2000000476837158,
            0.0
        ],
        "ArmR Translation": [
            0.4399999976158142,
            1.2000000476837158,
            0.0
        ],
        "Head Translation": [
            0.0,
            1.600000023841858,
            0.0
        ],
        "Test": 66,
        "amplitude": 0.20000000298023224,
        "amplitudeArm": 0.4000000059604645,
        "floatAttackSpeed": 0.10000000149011612,
        "floatkCharacterSpeed": 0.0
    }
}
