{
    "Player": {
        "ArmL1 Translation": [
            -0.9599999785423279,
            1.440000057220459,
            0.0
        ],
        "ArmL2 Translation": [
            0.0,
            -0.6299999952316284,
            0.0
        ],
        "ArmR1 Translation": [
            0.9599999785423279,
            1.440000057220459,
            0.0
        ],
        "ArmR2 Translation": [
            0.0,
            -0.6499999761581421,
            0.0
        ],
        "Body Translation": [
            0.0,
            1.440000057220459,
            0.0
        ],
        "Head Translation": [
            0.0,
            1.3600000143051147,
            0.0
        ],
        "Test": 66,
        "amplitude": 0.20000000298023224,
        "amplitudeArm": 0.4000000059604645,
        "feetL1 Translation": [
            -0.47999998927116394,
            0.23999999463558197,
            0.0
        ],
        "feetL2 Translation": [
            0.0,
            -0.7200000286102295,
            0.0
        ],
        "feetR1 Translation": [
            0.47999998927116394,
            0.23999999463558197,
            0.0
        ],
        "feetR2 Translation": [
            0.0,
            -0.699999988079071,
            0.0
        ],
        "floatAttackSpeed": 0.10000000149011612,
        "floatkCharacterSpeed": 0.0
    }
}
